"Aerospatiale (Nord) 262","ND2","N262", 29, \N, "https://www.flugzeuginfo.net/acdata_php/acdata_n262_en.php"
"Aerospatiale (Sud Aviation) Se.210 Caravelle","CRV","S210", 131, \N, "https://en.wikipedia.org/wiki/Sud_Aviation_Caravelle"
"Aerospatiale SN.601 Corvette","NDC","S601", 14, \N, "https://www.flugzeuginfo.net/acdata_php/acdata_corvette_en.php"
"Aerospatiale/Alenia ATR 42-300","AT4","AT43", 50, 1908, "https://www.bringeraircargo.com/aircraft-types/atr-42/"
"Aerospatiale/Alenia ATR 42-500","AT5","AT45", 50, 1908, "https://www.bringeraircargo.com/aircraft-types/atr-42/"
"Aerospatiale/Alenia ATR 42-600","ATR","AT46", 50, 1908, "https://www.bringeraircargo.com/aircraft-types/atr-42/"
"Aerospatiale/Alenia ATR 72","AT7","AT72", 72, 1287, "https://www.aircraft-commerce.com/wp-content/uploads/aircraft-commerce-docs1/Aircraft%20guides/ATR%2042%2072/ISSUE49_ATR42%2072SPECS.pdf"
"Airbus A300","AB3","A30B", 345, 1686.83, "https://sites.google.com/view/capacity-of-the-airbus-a300"
"Airbus A300-600","AB6","A306", 361,  52000, "https://airplaneinsights.com/airbus-a-300-600-spec"
"Airbus A300-600ST Super Transporter / Beluga","ABB","A3ST", 2, 49440, "https://aerobook.com/aircraft/a300supertransporter"
"Airbus A310","310","A310",237,9358,"https://euascargo.com/en/useful-info/freighter-aircraft/airbus-a310-300f"
"Airbus A318","318","A318",132,749,"https://en.wikipedia.org/wiki/Airbus_A318"
"Airbus A319","319","A319",156,\N,"https://en.wikipedia.org/wiki/Airbus_A319"
"Airbus A319neo","31N","A19N",160,\N,"https://www.aircraft.airbus.com/en/aircraft/a320-family/a319neo"
"Airbus A320","320","A320",186,\N,"https://en.wikipedia.org/wiki/Airbus_A320_family"
"Airbus A320neo","32N","A20N",195,\N,"https://en.wikipedia.org/wiki/Airbus_A320neo_family"
"Airbus A321","321","A321",230,\N,"https://en.wikipedia.org/wiki/Airbus_A320_family"
"Airbus A321neo","32Q","A21N",244,\N,"https://en.wikipedia.org/wiki/Airbus_A320neo_family"
"Airbus A330","330",\N,\N,\N,"https://en.wikipedia.org/wiki/Airbus_A330"
"Airbus A330-200","332","A332",406,\N,"https://en.wikipedia.org/wiki/Airbus_A330"
"Airbus A330-300","333","A333",440,\N,"https://en.wikipedia.org/wiki/Airbus_A330"
"Airbus A330-700 Beluga XL",\N,"A337",\N,28685,"https://en.wikipedia.org/wiki/Airbus_Beluga"
"Airbus A330-800neo","338","A338",257,\N,"https://www.aircraft.airbus.com/en/aircraft/a330/a330-800"
"Airbus A330-900neo","339","A339",287,\N,"https://en.wikipedia.org/wiki/Airbus_A330neo"
"Airbus A340","340",\N,\N,\N,"https://en.wikipedia.org/wiki/Airbus_A340"
"Airbus A340-200","342","A342",261,\N,"https://en.wikipedia.org/wiki/Airbus_A340"
"Airbus A340-300","343","A343",440,\N,"https://en.wikipedia.org/wiki/Airbus_A340"
"Airbus A340-500","345","A345",372,\N,"https://en.wikipedia.org/wiki/Airbus_A340"
"Airbus A340-600","346","A346",475,\N,"https://en.wikipedia.org/wiki/Airbus_A340"
"Airbus A350","350",\N,\N,\N,"https://en.wikipedia.org/wiki/Airbus_A350"
"Airbus A350-1000","351","A35K",440,\N,"https://en.wikipedia.org/wiki/Airbus_A350"
"Airbus A350-900","359","A359",440,\N,"https://en.wikipedia.org/wiki/Airbus_A350"
"Airbus A380","380",\N,\N,\N,"https://en.wikipedia.org/wiki/Airbus_A380"
"Airbus A380-800","388","A388",853,\N,"https://en.wikipedia.org/wiki/Airbus_A380"
"Antonov AN-12","ANF","AN12",\N,12200,"https://en.wikipedia.org/wiki/Antonov_An-12"
"Antonov AN-124 Ruslan","A4F","A124",\N,36800,"https://en.wikipedia.org/wiki/Antonov_An-124_Ruslan"
"Antonov AN-140","A40","A140",52,\N,"https://en.wikipedia.org/wiki/Antonov_An-140"
"Antonov An-148","A81","A148",85,\N,"https://en.wikipedia.org/wiki/Antonov_An-148"
"Antonov An-158","A58","A158",99,\N,"https://en.wikipedia.org/wiki/Antonov_An-158"
"Antonov An-225 Mriya","A25","A225",\N,46000,"https://en.wikipedia.org/wiki/Antonov_An-225_Mriya"
"Antonov AN-24","AN4","AN24",52,\N,"https://en.wikipedia.org/wiki/Antonov_An-24"
"Antonov AN-26","A26","AN26",40,\N,"https://en.wikipedia.org/wiki/Antonov_An-26"
"Antonov AN-28","A28","AN28",17,\N,"https://en.wikipedia.org/wiki/Antonov_An-28"
"Antonov AN-30","A30","AN30",\N,\N,"https://en.wikipedia.org/wiki/Antonov_An-30"
"Antonov AN-32","A32","AN32",50,\N,"https://en.wikipedia.org/wiki/Antonov_An-32"
"Antonov AN-72","AN7","AN72",52,\N,"https://en.wikipedia.org/wiki/Antonov_An-72"
"Avro RJ100","AR1","RJ1H",112,\N,"https://en.wikipedia.org/wiki/BAe_146"
"Avro RJ70","AR7","RJ70",82,\N,"https://en.wikipedia.org/wiki/BAe_146"
"Avro RJ85","AR8","RJ85",112,\N,"https://en.wikipedia.org/wiki/BAe_146"
"BAe 146","146",\N,\N,\N,"https://en.wikipedia.org/wiki/BAe_146"
"BAe 146-100","141","B461",94,\N,"https://en.wikipedia.org/wiki/BAe_146"
"BAe 146-200","142","B462",112,\N,"https://en.wikipedia.org/wiki/BAe_146"
"BAe 146-300","143","B463",128,\N,"https://en.wikipedia.org/wiki/BAe_146"
"Beechcraft 1900","BEH","B190",19,\N,"https://en.wikipedia.org/wiki/Beechcraft_1900"
"Beechcraft Baron",\N,"BE58",6,\N,"https://en.wikipedia.org/wiki/Beechcraft_Baron"
"Beechcraft Baron / 55 Baron",\N,"BE55",6,\N,"https://en.wikipedia.org/wiki/Beechcraft_Baron"
"Bell 212","BH2","B212",14,\N,"https://en.wikipedia.org/wiki/Bell_212"
"Boeing 707","703","B703",219,\N,"https://en.wikipedia.org/wiki/Boeing_707"
"Boeing 717","717","B712",134,\N,"https://en.wikipedia.org/wiki/Boeing_717"
"Boeing 720B","B72","B720",165,\N,"https://en.wikipedia.org/wiki/Boeing_720"
"Boeing 727","727",\N,\N,\N,"https://en.wikipedia.org/wiki/Boeing_727"
"Boeing 727-100","721","B721",131,\N,"https://en.wikipedia.org/wiki/Boeing_727"
"Boeing 727-200","722","B722",189,\N,"https://en.wikipedia.org/wiki/Boeing_727"
"Boeing 737","737",\N,\N,\N,"https://en.wikipedia.org/wiki/Boeing_737"
"Boeing 737 MAX 10","7MJ",\N,230,\N,"https://en.wikipedia.org/wiki/Boeing_737_MAX"
"Boeing 737 MAX 7","7M7","B37M",172,\N,"https://en.wikipedia.org/wiki/Boeing_737_MAX"
"Boeing 737 MAX 8","7M8","B38M",210,\N,"https://en.wikipedia.org/wiki/Boeing_737_MAX"
"Boeing 737 MAX 9","7M9","B39M",220,\N,"https://en.wikipedia.org/wiki/Boeing_737_MAX"
"Boeing 737-200","732","B732",136,\N,"https://en.wikipedia.org/wiki/Boeing_737"
"Boeing 737-300","733","B733",149,\N,"https://en.wikipedia.org/wiki/Boeing_737_Classic"
"Boeing 737-400","734","B734",188,\N,"https://en.wikipedia.org/wiki/Boeing_737_Classic"
"Boeing 737-500","735","B735",140,\N,"https://en.wikipedia.org/wiki/Boeing_737_Classic"
"Boeing 737-600","736","B736",132,\N,"https://en.wikipedia.org/wiki/Boeing_737_Next_Generation"
"Boeing 737-700","73G","B737",149,\N,"https://en.wikipedia.org/wiki/Boeing_737_Next_Generation"
"Boeing 737-800","738","B738",189,\N,"https://en.wikipedia.org/wiki/Boeing_737_Next_Generation"
"Boeing 737-900","739","B739",220,\N,"https://en.wikipedia.org/wiki/Boeing_737_Next_Generation"
"Boeing 747","747",\N,\N,\N,"https://en.wikipedia.org/wiki/Boeing_747"
"Boeing 747 LCF Dreamlifter","74B","BLCF",\N,65400,"https://en.wikipedia.org/wiki/Boeing_Dreamlifter"
"Boeing 747-100","741","B741",452,\N,"https://en.wikipedia.org/wiki/Boeing_747"
"Boeing 747-200","742","B742",452,\N,"https://en.wikipedia.org/wiki/Boeing_747"
"Boeing 747-300","743","B743",496,\N,"https://en.wikipedia.org/wiki/Boeing_747"
"Boeing 747-400","744","B744",524,\N,"https://en.wikipedia.org/wiki/Boeing_747"
"Boeing 747-400D","74J","B74D",660,\N,"https://en.wikipedia.org/wiki/Boeing_747"
"Boeing 747-8","748","B748",605,\N,"https://en.wikipedia.org/wiki/Boeing_747-8"
"Boeing 747SP","74L","B74S",331,\N,"https://en.wikipedia.org/wiki/Boeing_747SP"
"Boeing 747SR","74R","B74R",550,\N,"https://en.wikipedia.org/wiki/Boeing_747"
"Boeing 757","757",\N,\N,\N,"https://en.wikipedia.org/wiki/Boeing_757"
"Boeing 757-200","752","B752",239,\N,"https://en.wikipedia.org/wiki/Boeing_757"
"Boeing 757-300","753","B753",295,\N,"https://en.wikipedia.org/wiki/Boeing_757"
"Boeing 767","767",\N,\N,\N,"https://en.wikipedia.org/wiki/Boeing_767"
"Boeing 767-200","762","B762",290,\N,"https://en.wikipedia.org/wiki/Boeing_767"
"Boeing 767-300","763","B763",351,\N,"https://en.wikipedia.org/wiki/Boeing_767"
"Boeing 767-400","764","B764",375,\N,"https://en.wikipedia.org/wiki/Boeing_767"
"Boeing 777","777",\N,\N,\N,"https://en.wikipedia.org/wiki/Boeing_777"
"Boeing 777-200","772","B772",440,\N,"https://en.wikipedia.org/wiki/Boeing_777"
"Boeing 777-200LR","77L","B77L",440,\N,"https://en.wikipedia.org/wiki/Boeing_777"
"Boeing 777-300","773","B773",550,\N,"https://en.wikipedia.org/wiki/Boeing_777"
"Boeing 777-300ER","77W","B77W",550,\N,"https://en.wikipedia.org/wiki/Boeing_777"
"Boeing 777-8","778","B778",395,\N,"https://en.wikipedia.org/wiki/Boeing_777X"
"Boeing 777-9","779","B779",426,\N,"https://en.wikipedia.org/wiki/Boeing_777X"
"Boeing 787","787",\N,\N,\N,"https://en.wikipedia.org/wiki/Boeing_787_Dreamliner"
"Boeing 787-10","78J","B78X",440,\N,"https://en.wikipedia.org/wiki/Boeing_787_Dreamliner"
"Boeing 787-8","788","B788",359,\N,"https://en.wikipedia.org/wiki/Boeing_787_Dreamliner"
"Boeing 787-9","789","B789",420,\N,"https://en.wikipedia.org/wiki/Boeing_787_Dreamliner"
"Bombardier 415",\N,"CL2T",\N,\N,"https://en.wikipedia.org/wiki/Canadair_CL-415"
"Bombardier BD-100 Challenger 300",\N,"CL30",19,\N,"https://en.wikipedia.org/wiki/Bombardier_Challenger_300"
"Bombardier CS100","CS1","BCS1",133,\N,"https://en.wikipedia.org/wiki/Airbus_A220"
"Bombardier CS300","CS3","BCS3",160,\N,"https://en.wikipedia.org/wiki/Airbus_A220"
"Bombardier Global Express","CCX","GLEX",19,\N,"https://en.wikipedia.org/wiki/Bombardier_Global_Express"
"British Aerospace (BAC) One Eleven","B11","BA11",119,\N,"https://en.wikipedia.org/wiki/BAC_One-Eleven"
"British Aerospace 125 series / Hawker 700/800/900","H25","H25B",15,\N,"https://en.wikipedia.org/wiki/Hawker_800"
"British Aerospace 125-1000 series","H25","H25C",15,\N,"https://en.wikipedia.org/wiki/Hawker_1000"
"British Aerospace ATP","ATP","ATP",72,\N,"https://en.wikipedia.org/wiki/BAE_ATP"
"British Aerospace Jetstream 31","J31","JS31",19,\N,"https://en.wikipedia.org/wiki/British_Aerospace_Jetstream"
"British Aerospace Jetstream 32","J32","JS32",19,\N,"https://en.wikipedia.org/wiki/British_Aerospace_Jetstream"
"British Aerospace Jetstream 41","J41","JS41",29,\N,"https://en.wikipedia.org/wiki/British_Aerospace_Jetstream_41"
"Canadair Challenger","CCJ","CL60",19,\N,"https://en.wikipedia.org/wiki/Bombardier_Challenger_600_series"
"Canadair CL-44","CL4","CL44",\N,7800,"https://en.wikipedia.org/wiki/Canadair_CL-44"
"Canadair Regional Jet 100","CR1","CRJ1",50,\N,"https://en.wikipedia.org/wiki/Bombardier_CRJ100/200"
"Canadair Regional Jet 1000","CRK","CRJX",104,\N,"https://en.wikipedia.org/wiki/Bombardier_CRJ1000"
"Canadair Regional Jet 200","CR2","CRJ2",50,\N,"https://en.wikipedia.org/wiki/Bombardier_CRJ100/200"
"Canadair Regional Jet 700","CR7","CRJ7",78,\N,"https://en.wikipedia.org/wiki/Bombardier_CRJ700_series"
"Canadair Regional Jet 900","CR9","CRJ9",90,\N,"https://en.wikipedia.org/wiki/Bombardier_CRJ900"
"Cessna 152",\N,"C152",2,\N,"https://en.wikipedia.org/wiki/Cessna_152"
"Cessna 172","CN1","C172",4,\N,"https://en.wikipedia.org/wiki/Cessna_172"
"Cessna 182 Skylane","CN1","C182",4,\N,"https://en.wikipedia.org/wiki/Cessna_182_Skylane"
"Cessna 208 Caravan","CN1","C208",14,\N,"https://en.wikipedia.org/wiki/Cessna_208_Caravan"
"Cessna 210 Centurion","CN1","C210",6,\N,"https://en.wikipedia.org/wiki/Cessna_210_Centurion"
"Cessna Citation CJ3","CNJ","C25B",9,\N,"https://en.wikipedia.org/wiki/Cessna_CitationJet"
"Cessna Citation CJ4","CNJ","C25C",10,\N,"https://en.wikipedia.org/wiki/Cessna_CitationJet"
"Cessna Citation Excel","CNJ","C56X",12,\N,"https://en.wikipedia.org/wiki/Cessna_Citation_Excel"
"Cessna Citation I","CNJ","C500",7,\N,"https://en.wikipedia.org/wiki/Cessna_Citation_I"
"Cessna Citation II","CNJ","C550",8,\N,"https://en.wikipedia.org/wiki/Cessna_Citation_II"
"Cessna Citation Mustang","CNJ","C510",4,\N,"https://en.wikipedia.org/wiki/Cessna_Citation_Mustang"
"Cessna Citation Sovereign","CNJ","C680",12,\N,"https://en.wikipedia.org/wiki/Cessna_Citation_Sovereign"
"Cessna Citation X","CNJ","C750",12,\N,"https://en.wikipedia.org/wiki/Cessna_Citation_X"
"COMAC C-919",\N,"C919",192,1596,"https://en.wikipedia.org/wiki/Comac_C919"
"Concorde","SSC","CONC",128,\N,"https://en.wikipedia.org/wiki/Concorde"
"Dassault Falcon 2000","D20","F2TH",19,134,"https://www.dassault-aviation.com/en/passion/aircraft/civil-dassault-aircraft/falcon-2000/"
"Dassault Falcon 50","DF3","FA50",12,106,"https://www.libertyjet.com/private_jets/DA-50"
"Dassault Falcon 7X","DF7","FA7X",19,140,"https://www.libertyjet.com/private_jets/Falcon%207X"
"Dassault Falcon 900","DF9","F900",19,127,"https://www.aviation-broker.com/uploads/media/falcon_900EX_specs.pdf"
"De Havilland Canada DHC-2 Beaver","DHP","DHC2",7,\N,"https://en.wikipedia.org/wiki/De_Havilland_Canada_DHC-2_Beaver"
"De Havilland Canada DHC-2 Turbo-Beaver","DHR","DH2T",7,\N,"https://en.wikipedia.org/wiki/De_Havilland_Canada_DHC-2_Beaver"
"De Havilland Canada DHC-3 Otter","DHL","DHC3",11,\N,"https://en.wikipedia.org/wiki/De_Havilland_Canada_DHC-3_Otter"
"De Havilland Canada DHC-4 Caribou","DHC","DHC4",32,\N,"https://en.wikipedia.org/wiki/De_Havilland_Canada_DHC-4_Caribou"
"De Havilland Canada DHC-6 Twin Otter","DHT","DHC6",20,\N,"https://en.wikipedia.org/wiki/De_Havilland_Canada_DHC-6_Twin_Otter"
"De Havilland Canada DHC-7 Dash 7","DH7","DHC7",54,\N,"https://en.wikipedia.org/wiki/De_Havilland_Canada_Dash_7"
"De Havilland Canada DHC-8-100 Dash 8 / 8Q","DH1","DH8A",40,\N,"https://en.wikipedia.org/wiki/De_Havilland_Canada_Dash_8"
"De Havilland Canada DHC-8-200 Dash 8 / 8Q","DH2","DH8B",40,\N,"https://en.wikipedia.org/wiki/De_Havilland_Canada_Dash_8"
"De Havilland Canada DHC-8-300 Dash 8","DH3","DH8C",56,\N,"https://en.wikipedia.org/wiki/De_Havilland_Canada_Dash_8"
"De Havilland Canada DHC-8-400 Dash 8Q","DH4","DH8D",90,\N,"https://en.wikipedia.org/wiki/De_Havilland_Canada_Dash_8"
"De Havilland DH.104 Dove","DHD","DOVE",11,\N,"https://en.wikipedia.org/wiki/De_Havilland_Dove"
"De Havilland DH.114 Heron","DHH","HERN",17,\N,"https://www.flugzeuginfo.net/acdata_php/acdata_dh114_en.php"
"Douglas DC-10","D10","DC10",380,\N,"https://www.flugzeuginfo.net/acdata_php/acdata_dc10_en.php"
"Douglas DC-3","D3F","DC3",32,\N,"https://en.wikipedia.org/wiki/Douglas_DC-3"
"Douglas DC-6","D6F","DC6",102,\N,"https://www.flugzeuginfo.net/acdata_php/acdata_dc6_en.php"
"Douglas DC-8-50","D8T","DC85",189,7110,"https://www.boeing.com/content/dam/boeing/boeingdotcom/company/about_bca/startup/pdf/freighters/DC-8F.pdf"
"Douglas DC-8-62","D8L","DC86",189,7775,"https://www.boeing.com/content/dam/boeing/boeingdotcom/company/about_bca/startup/pdf/freighters/DC-8F.pdf"
"Douglas DC-8-72","D8Q","DC87",189,7775,"https://www.boeing.com/content/dam/boeing/boeingdotcom/company/about_bca/startup/pdf/freighters/DC-8F.pdf"
"Douglas DC-9-10","D91","DC91",90,\N,"https://en.wikipedia.org/wiki/McDonnell_Douglas_DC-9"
"Douglas DC-9-20","D92","DC92",115,\N,"https://en.wikipedia.org/wiki/McDonnell_Douglas_DC-9"
"Douglas DC-9-30","D93","DC93",135,\N,"https://en.wikipedia.org/wiki/McDonnell_Douglas_DC-9"
"Douglas DC-9-40","D94","DC94",146,\N,"https://en.wikipedia.org/wiki/McDonnell_Douglas_DC-9"
"Douglas DC-9-50","D95","DC95",139,\N,"https://en.wikipedia.org/wiki/McDonnell_Douglas_DC-9"
"Embraer 170","E70","E170",80,\N,"https://en.wikipedia.org/wiki/Embraer_E-Jet_family"
"Embraer 175","E75",\N,88,\N,"https://en.wikipedia.org/wiki/Embraer_E-Jet_family"
"Embraer 175 (long wing)","E7W","E75L",88,\N,"https://en.wikipedia.org/wiki/Embraer_E-Jet_family"
"Embraer 175 (short wing)","E7W","E75S",78,\N,"https://en.wikipedia.org/wiki/Embraer_E-Jet_family"
"Embraer 190","E90","E190",114,\N,"https://en.wikipedia.org/wiki/Embraer_E-Jet_family"
"Embraer 195","E95","E195",132,\N,"https://en.wikipedia.org/wiki/Embraer_E-Jet_family"
"Embraer E190-E2","290","E290",114,\N,"https://en.wikipedia.org/wiki/Embraer_E-Jet_E2_family"
"Embraer E195-E2","295","E295",146,\N,"https://en.wikipedia.org/wiki/Embraer_E-Jet_E2_family"
"Embraer EMB 110 Bandeirante","EMB","E110",21,\N,"https://en.wikipedia.org/wiki/Embraer_EMB_110_Bandeirante"
"Embraer EMB 120 Brasilia","EM2","E120",30,\N,"https://en.wikipedia.org/wiki/Embraer_EMB_120_Bras%C3%ADlia"
"Embraer Legacy 450",\N,"E545",9,\N,"https://en.wikipedia.org/wiki/Embraer_Legacy_450"
"Embraer Legacy 600","ER3","E35L",13,\N,"https://en.wikipedia.org/wiki/Embraer_Legacy_600"
"Embraer Phenom 100","EP1","E50P",4,\N,"https://en.wikipedia.org/wiki/Embraer_Phenom_100"
"Embraer Phenom 300","EP3","E55P",10,\N,"https://en.wikipedia.org/wiki/Embraer_Phenom_300"
"Embraer RJ135","ER3","E135",37,\N,"https://en.wikipedia.org/wiki/Embraer_ERJ_135"
"Embraer RJ140","ERD","E135",44,\N,"https://en.wikipedia.org/wiki/Embraer_ERJ_135"
"Embraer RJ145","ER4","E145",50,\N,"https://en.wikipedia.org/wiki/Embraer_ERJ_145"
"Fairchild Dornier 328JET","FRJ","J328",33,\N,"https://en.wikipedia.org/wiki/Dornier_328"
"Fairchild Dornier Do.228","D28","D228",19,\N,"https://en.wikipedia.org/wiki/Dornier_228"
"Fairchild Dornier Do.328","D38","D328",33,\N,"https://en.wikipedia.org/wiki/Dornier_328"
"Fokker 100","100","F100",122,\N,"https://en.wikipedia.org/wiki/Fokker_100"
"Fokker 50","F50","F50",58,\N,"https://en.wikipedia.org/wiki/Fokker_50"
"Fokker 70","F70","F70",85,\N,"https://en.wikipedia.org/wiki/Fokker_70"
"Fokker F27 Friendship","F27","F27",56,\N,"https://en.wikipedia.org/wiki/Fokker_F27_Friendship"
"Fokker F28 Fellowship","F21","F28",85,\N,"https://en.wikipedia.org/wiki/Fokker_F28_Fellowship"
"Gulfstream Aerospace G-159 Gulfstream I","GRS","G159",24,\N,"https://en.wikipedia.org/wiki/Gulfstream_I"
"Gulfstream G280","GR3","G280",10,\N,"https://en.wikipedia.org/wiki/Gulfstream_G280"
"Gulfstream G650","GJ6","GLF6",19,\N,"https://en.wikipedia.org/wiki/Gulfstream_G650"
"Gulfstream IV","GJ4","GLF4",19,\N,"https://en.wikipedia.org/wiki/Gulfstream_IV"
"Gulfstream V","GJ5","GLF5",19,\N,"https://en.wikipedia.org/wiki/Gulfstream_V"
"Gulfstream/Rockwell (Aero) Commander","ACP","AC68",11,\N,"https://en.wikipedia.org/wiki/Aero_Commander_500_family"
"Gulfstream/Rockwell (Aero) Turbo Commander","ACT","AC90",11,\N,"https://en.wikipedia.org/wiki/Aero_Commander_500_family"
"Harbin Yunshuji Y12","YN2","Y12",17,\N,"https://en.wikipedia.org/wiki/Harbin_Y-12"
"Hawker Siddeley HS 748","HS7","A748",62,\N,"https://en.wikipedia.org/wiki/Hawker_Siddeley_HS_748"
"Ilyushin IL114","I14","I114",64,\N,"https://en.wikipedia.org/wiki/Ilyushin_Il-114"
"Ilyushin IL18","IL8","IL18",122,\N,"https://en.wikipedia.org/wiki/Ilyushin_Il-18"
"Ilyushin IL62","IL6","IL62",195,\N,"https://en.wikipedia.org/wiki/Ilyushin_Il-62"
"Ilyushin IL76","IL7","IL76",\N,16800,"https://en.wikipedia.org/wiki/Ilyushin_Il-76"
"Ilyushin IL86","ILW","IL86",350,\N,"https://en.wikipedia.org/wiki/Ilyushin_Il-86"
"Ilyushin IL96","I93","IL96",436,\N,"https://en.wikipedia.org/wiki/Ilyushin_Il-96"
"Learjet 35","LRJ","LJ35",8,\N,"https://en.wikipedia.org/wiki/Learjet_35"
"Learjet 60","LRJ","LJ60",8,\N,"https://en.wikipedia.org/wiki/Learjet_60"
"Lockheed L-1011 Tristar","L10","L101",400,\N,"https://en.wikipedia.org/wiki/Lockheed_L-1011_TriStar"
"Lockheed L-1049 Super Constellation","L49","CONI",109,\N,"https://en.wikipedia.org/wiki/Lockheed_Constellation"
"Lockheed L-182 / 282 / 382 (L-100) Hercules","LOH","C130",\N,8300,"https://en.wikipedia.org/wiki/Lockheed_C-130_Hercules"
"Lockheed L-188 Electra","LOE","L188",99,\N,"https://en.wikipedia.org/wiki/Lockheed_L-188_Electra"
"McDonnell Douglas MD-11","M11","MD11",410,\N,"https://en.wikipedia.org/wiki/McDonnell_Douglas_MD-11"
"McDonnell Douglas MD-81","M81","MD81",172,\N,"https://en.wikipedia.org/wiki/McDonnell_Douglas_MD-80"
"McDonnell Douglas MD-82","M82","MD82",172,\N,"https://en.wikipedia.org/wiki/McDonnell_Douglas_MD-80"
"McDonnell Douglas MD-83","M83","MD83",172,\N,"https://en.wikipedia.org/wiki/McDonnell_Douglas_MD-80"
"McDonnell Douglas MD-87","M87","MD87",139,\N,"https://en.wikipedia.org/wiki/McDonnell_Douglas_MD-80"
"McDonnell Douglas MD-88","M88","MD88",172,\N,"https://en.wikipedia.org/wiki/McDonnell_Douglas_MD-80"
"McDonnell Douglas MD-90","M90","MD90",172,\N,"https://en.wikipedia.org/wiki/McDonnell_Douglas_MD-90"
"NAMC YS-11","YS1","YS11",64,\N,"https://en.wikipedia.org/wiki/NAMC_YS-11"
"Partenavia P.68","PN6","P68",6,\N,"https://en.wikipedia.org/wiki/Partenavia_P.68"
"Pilatus Britten-Norman BN-2A Mk III Trislander","BNT","TRIS",17,\N,"https://en.wikipedia.org/wiki/Britten-Norman_Trislander"
"Pilatus Britten-Norman BN-2A/B Islander","BNI","BN2P",9,\N,"https://en.wikipedia.org/wiki/Britten-Norman_BN-2_Islander"
"Pilatus PC-12","PL2","PC12",9,330,"https://www.pilatus-aircraft.com/en/fly/pc-12"
"Pilatus PC-6 Turbo Porter","PL6","PC6T",11,\N,"https://en.wikipedia.org/wiki/Pilatus_PC-6_Porter"
"Piper PA-28 (above 200 hp)",\N,"P28B",4,\N,"https://en.wikipedia.org/wiki/Piper_PA-28_Cherokee"
"Piper PA-28 (up to 180 hp)",\N,"P28A",4,\N,"https://en.wikipedia.org/wiki/Piper_PA-28_Cherokee"
"Piper PA-31 Navajo","PA2","PA31",11,\N,"https://en.wikipedia.org/wiki/Piper_PA-31_Navajo"
"Piper PA-44 Seminole",\N,"PA44",4,\N,"https://en.wikipedia.org/wiki/Piper_PA-44_Seminole"
"Piper PA-46","PAG","PA46",6,\N,"https://en.wikipedia.org/wiki/Piper_PA-46"
"Saab 2000","S20","SB20",58,\N,"https://en.wikipedia.org/wiki/Saab_2000"
"Saab SF340A/B","SF3","SF34",36,\N,"https://en.wikipedia.org/wiki/Saab_340"
"Shorts SC-5 Belfast","SHB","BELF",\N,18000,"https://en.wikipedia.org/wiki/Short_SC.5_Belfast"
"Shorts SC-7 Skyvan","SHS","SC7",19,1040,"https://en.wikipedia.org/wiki/Short_SC.7_Skyvan"
"Shorts SD.330","SH3","SH33",30,\N,"https://en.wikipedia.org/wiki/Short_330"
"Shorts SD.360","SH6","SH36",39,\N,"https://en.wikipedia.org/wiki/Short_360"
"Sikorsky S-58T","S58","S58T",\N,\N,"https://en.wikipedia.org/wiki/Sikorsky_H-34"
"Sikorsky S-61","S61","S61",30,\N,"https://en.wikipedia.org/wiki/Sikorsky_SH-3_Sea_King"
"Sikorsky S-76","S76","S76",13,\N,"https://en.wikipedia.org/wiki/Sikorsky_S-76"
"Sikorsky S-92","S92","S92",19,\N,"https://en.wikipedia.org/wiki/Sikorsky_S-92"
"Sukhoi Superjet 100-95","SU9","SU95",108,\N,"https://en.wikipedia.org/wiki/Sukhoi_Superjet_100"
"Tupolev Tu-134","TU3","T134",84,\N,"https://en.wikipedia.org/wiki/Tupolev_Tu-134"
"Tupolev Tu-144",\N,"T144",140,\N,"https://en.wikipedia.org/wiki/Tupolev_Tu-144"
"Tupolev Tu-154","TU5","T154",180,\N,"https://en.wikipedia.org/wiki/Tupolev_Tu-154"
"Tupolev Tu-204","T20","T204",210, 2000,"https://en.wikipedia.org/wiki/Tupolev_Tu-204"
"Yakovlev Yak-40","YK4","YK40",32, 300,"https://en.wikipedia.org/wiki/Yakovlev_Yak-40"
"Yakovlev Yak-42","YK2","YK42",120,\N,"https://en.wikipedia.org/wiki/Yakovlev_Yak-42"
